{"txt2img": [{"width": 256, "pixels": 65536, "batch_size": 1, "active_peak": 3009, "reserved_peak": 3962, "sys_peak": 5095, "sys_total": 6144, "its": 0.11}, {"width": 320, "pixels": 102400, "batch_size": 1, "active_peak": 3366, "reserved_peak": 3844, "sys_peak": 5879, "sys_total": 6144, "its": 0.11}, {"width": 384, "pixels": 147456, "batch_size": 1, "active_peak": 3368, "reserved_peak": 3940, "sys_peak": 5975, "sys_total": 6144, "its": 0.1}, {"width": 448, "pixels": 200704, "batch_size": 1, "active_peak": 3371, "reserved_peak": 3842, "sys_peak": 5975, "sys_total": 6144, "its": 0.1}, {"width": 512, "pixels": 262144, "batch_size": 1, "active_peak": 1728, "reserved_peak": 2792, "sys_peak": 5975, "sys_total": 6144, "its": 0.14}, {"width": 576, "pixels": 331776, "batch_size": 1, "active_peak": 3390, "reserved_peak": 3814, "sys_peak": 5975, "sys_total": 6144, "its": 0.08}, {"width": 640, "pixels": 409600, "batch_size": 1, "active_peak": 3396, "reserved_peak": 3816, "sys_peak": 5975, "sys_total": 6144, "its": 0.08}, {"width": 704, "pixels": 495616, "batch_size": 1, "active_peak": 3402, "reserved_peak": 3816, "sys_peak": 5975, "sys_total": 6144, "its": 0.07}, {"width": 768, "pixels": 589824, "batch_size": 1, "active_peak": 3476, "reserved_peak": 3826, "sys_peak": 5975, "sys_total": 6144, "its": 0.07}, {"width": 832, "pixels": 692224, "batch_size": 1, "active_peak": 2999, "reserved_peak": 4000, "sys_peak": 6035, "sys_total": 6144, "its": 0.06}, {"width": 896, "pixels": 802816, "batch_size": 1, "active_peak": 3427, "reserved_peak": 3994, "sys_peak": 6035, "sys_total": 6144, "its": 0.06}, {"width": 960, "pixels": 921600, "batch_size": 1, "active_peak": 3437, "reserved_peak": 4074, "sys_peak": 6109, "sys_total": 6144, "its": 0.05}, {"width": 1024, "pixels": 1048576, "batch_size": 1, "active_peak": 3390, "reserved_peak": 4106, "sys_peak": 6141, "sys_total": 6144, "its": 0.05}, {"width": 256, "pixels": 65536, "batch_size": 2, "active_peak": 3016, "reserved_peak": 3966, "sys_peak": 6141, "sys_total": 6144, "its": 0.26}, {"width": 320, "pixels": 102400, "batch_size": 2, "active_peak": 3375, "reserved_peak": 3852, "sys_peak": 6141, "sys_total": 6144, "its": 0.25}, {"width": 384, "pixels": 147456, "batch_size": 2, "active_peak": 3378, "reserved_peak": 3854, "sys_peak": 6141, "sys_total": 6144, "its": 0.25}, {"width": 448, "pixels": 200704, "batch_size": 2, "active_peak": 3408, "reserved_peak": 3994, "sys_peak": 6141, "sys_total": 6144, "its": 0.23}, {"width": 512, "pixels": 262144, "batch_size": 2, "active_peak": 3418, "reserved_peak": 3608, "sys_peak": 6141, "sys_total": 6144, "its": 0.22}, {"width": 576, "pixels": 331776, "batch_size": 2, "active_peak": 2675, "reserved_peak": 3554, "sys_peak": 6141, "sys_total": 6144, "its": 0.22}, {"width": 640, "pixels": 409600, "batch_size": 2, "active_peak": 3441, "reserved_peak": 3732, "sys_peak": 6141, "sys_total": 6144, "its": 0.21}, {"width": 704, "pixels": 495616, "batch_size": 2, "active_peak": 3455, "reserved_peak": 3790, "sys_peak": 6141, "sys_total": 6144, "its": 0.19}, {"width": 768, "pixels": 589824, "batch_size": 2, "active_peak": 3471, "reserved_peak": 3850, "sys_peak": 6141, "sys_total": 6144, "its": 0.18}, {"width": 832, "pixels": 692224, "batch_size": 2, "active_peak": 3487, "reserved_peak": 3920, "sys_peak": 6141, "sys_total": 6144, "its": 0.17}, {"width": 896, "pixels": 802816, "batch_size": 2, "active_peak": 3505, "reserved_peak": 4028, "sys_peak": 6141, "sys_total": 6144, "its": 0.16}, {"width": 960, "pixels": 921600, "batch_size": 2, "active_peak": 3524, "reserved_peak": 4358, "sys_peak": 6144, "sys_total": 6144, "its": 0.15}, {"width": 1024, "pixels": 1048576, "batch_size": 2, "active_peak": 3412, "reserved_peak": 4960, "sys_peak": 6144, "sys_total": 6144, "its": 0.15}, {"width": 256, "pixels": 65536, "batch_size": 3, "active_peak": 3380, "reserved_peak": 3860, "sys_peak": 6144, "sys_total": 6144, "its": 0.38}, {"width": 320, "pixels": 102400, "batch_size": 3, "active_peak": 3412, "reserved_peak": 4030, "sys_peak": 6144, "sys_total": 6144, "its": 0.36}, {"width": 384, "pixels": 147456, "batch_size": 3, "active_peak": 3422, "reserved_peak": 4064, "sys_peak": 6144, "sys_total": 6144, "its": 0.35}, {"width": 448, "pixels": 200704, "batch_size": 3, "active_peak": 3435, "reserved_peak": 3998, "sys_peak": 6144, "sys_total": 6144, "its": 0.33}, {"width": 512, "pixels": 262144, "batch_size": 3, "active_peak": 3450, "reserved_peak": 3640, "sys_peak": 6144, "sys_total": 6144, "its": 0.32}, {"width": 576, "pixels": 331776, "batch_size": 3, "active_peak": 3467, "reserved_peak": 3684, "sys_peak": 6144, "sys_total": 6144, "its": 0.29}, {"width": 640, "pixels": 409600, "batch_size": 3, "active_peak": 3486, "reserved_peak": 3732, "sys_peak": 6144, "sys_total": 6144, "its": 0.28}, {"width": 704, "pixels": 495616, "batch_size": 3, "active_peak": 3506, "reserved_peak": 3796, "sys_peak": 6144, "sys_total": 6144, "its": 0.26}, {"width": 768, "pixels": 589824, "batch_size": 3, "active_peak": 3529, "reserved_peak": 3924, "sys_peak": 6144, "sys_total": 6144, "its": 0.24}, {"width": 832, "pixels": 692224, "batch_size": 3, "active_peak": 3554, "reserved_peak": 3936, "sys_peak": 6144, "sys_total": 6144, "its": 0.22}, {"width": 896, "pixels": 802816, "batch_size": 3, "active_peak": 3581, "reserved_peak": 4122, "sys_peak": 6144, "sys_total": 6144, "its": 0.21}, {"width": 960, "pixels": 921600, "batch_size": 3, "active_peak": 3332, "reserved_peak": 4478, "sys_peak": 6144, "sys_total": 6144, "its": 0.19}, {"width": 1024, "pixels": 1048576, "batch_size": 3, "active_peak": 3487, "reserved_peak": 5298, "sys_peak": 6144, "sys_total": 6144, "its": 0.18}, {"width": 256, "pixels": 65536, "batch_size": 4, "active_peak": 3385, "reserved_peak": 3868, "sys_peak": 6144, "sys_total": 6144, "its": 0.46}, {"width": 320, "pixels": 102400, "batch_size": 4, "active_peak": 3431, "reserved_peak": 4060, "sys_peak": 6144, "sys_total": 6144, "its": 0.45}, {"width": 384, "pixels": 147456, "batch_size": 4, "active_peak": 3445, "reserved_peak": 4100, "sys_peak": 6144, "sys_total": 6144, "its": 0.43}, {"width": 448, "pixels": 200704, "batch_size": 4, "active_peak": 3528, "reserved_peak": 3920, "sys_peak": 6144, "sys_total": 6144, "its": 0.41}, {"width": 512, "pixels": 262144, "batch_size": 4, "active_peak": 3482, "reserved_peak": 3682, "sys_peak": 6144, "sys_total": 6144, "its": 0.39}, {"width": 576, "pixels": 331776, "batch_size": 4, "active_peak": 3505, "reserved_peak": 3746, "sys_peak": 6144, "sys_total": 6144, "its": 0.35}, {"width": 640, "pixels": 409600, "batch_size": 4, "active_peak": 3530, "reserved_peak": 3814, "sys_peak": 6144, "sys_total": 6144, "its": 0.34}, {"width": 704, "pixels": 495616, "batch_size": 4, "active_peak": 3557, "reserved_peak": 3892, "sys_peak": 6144, "sys_total": 6144, "its": 0.31}, {"width": 768, "pixels": 589824, "batch_size": 4, "active_peak": 3589, "reserved_peak": 3984, "sys_peak": 6144, "sys_total": 6144, "its": 0.29}, {"width": 832, "pixels": 692224, "batch_size": 4, "active_peak": 3622, "reserved_peak": 4074, "sys_peak": 6144, "sys_total": 6144, "its": 0.26}, {"width": 896, "pixels": 802816, "batch_size": 4, "active_peak": 3201, "reserved_peak": 4428, "sys_peak": 6144, "sys_total": 6144, "its": 0.26}, {"width": 960, "pixels": 921600, "batch_size": 4, "active_peak": 3397, "reserved_peak": 4810, "sys_peak": 6144, "sys_total": 6144, "its": 0.23}, {"width": 1024, "pixels": 1048576, "batch_size": 4, "active_peak": 3238, "reserved_peak": 4818, "sys_peak": 6144, "sys_total": 6144, "its": 0.21}, {"width": 256, "pixels": 65536, "batch_size": 5, "active_peak": 3511, "reserved_peak": 4062, "sys_peak": 6144, "sys_total": 6144, "its": 0.59}, {"width": 320, "pixels": 102400, "batch_size": 5, "active_peak": 3519, "reserved_peak": 4062, "sys_peak": 6144, "sys_total": 6144, "its": 0.57}, {"width": 384, "pixels": 147456, "batch_size": 5, "active_peak": 3418, "reserved_peak": 4016, "sys_peak": 6144, "sys_total": 6144, "its": 0.54}, {"width": 448, "pixels": 200704, "batch_size": 5, "active_peak": 3544, "reserved_peak": 3944, "sys_peak": 6144, "sys_total": 6144, "its": 0.49}]}